month,n_posts,avg_sentiment,prop_pro_enforcement,prop_anti_enforcement,prop_neutral
2025-03-01,801,-0.2354375,0.11860174781523096,0.2846441947565543,0.5955056179775281
2025-04-01,1593,-0.29557438794726926,0.1418706842435656,0.4074074074074074,0.450721908349027
2025-05-01,1557,-0.2976436410587476,0.12202954399486192,0.40847784200385356,0.464354527938343
2025-06-01,2005,-0.23392678034102307,0.09376558603491272,0.3311720698254364,0.5695760598503741
2025-07-01,1743,-0.2482788296041308,0.08605851979345955,0.37521514629948366,0.5387263339070568
2025-08-01,1105,-0.24126838235294118,0.09049773755656108,0.2914027149321267,0.6027149321266968
2025-09-01,1094,-0.18722527472527473,0.08957952468007313,0.32449725776965266,0.5840950639853748
2025-10-01,1400,-0.19072349570200572,0.07714285714285714,0.33785714285714286,0.5821428571428572
2025-11-01,1414,-0.22314550641940084,0.1082036775106082,0.3521923620933522,0.5311173974540311
2025-12-01,1968,-0.23886063072227873,0.11077235772357724,0.3556910569105691,0.532520325203252
2026-01-01,2055,-0.22118850462737455,0.06374695863746958,0.2944038929440389,0.6408759124087591
2026-02-01,2242,-0.14769058295964124,0.06601248884924175,0.2604817127564674,0.6681534344335415
2026-03-01,979,-0.06492307692307692,0.018386108273748723,0.16853932584269662,0.8089887640449438
